keyword,typ
baseny ogrodowe,seed
pływalnie przydomowe,synonim
baseny do ogrodu,synonim
baseny kąpielowe,synonim
baseny przydomowe,synonim
baseny domowe,synonim
baseny na działkę,synonim
tanie baseny ogrodowe,token_before
duże baseny ogrodowe,token_before
małe baseny ogrodowe,token_before
głębokie baseny ogrodowe,token_before
okrągłe baseny ogrodowe,token_before
prostokątne baseny ogrodowe,token_before
owalne baseny ogrodowe,token_before
najlepsze baseny ogrodowe,token_before
polecane baseny ogrodowe,token_before
trwałe baseny ogrodowe,token_before
solidne baseny ogrodowe,token_before
estetyczne baseny ogrodowe,token_before
nowoczesne baseny ogrodowe,token_before
eleganckie baseny ogrodowe,token_before
praktyczne baseny ogrodowe,token_before
funkcjonalne baseny ogrodowe,token_before
łatwe w montażu baseny ogrodowe,token_before
wytrzymałe baseny ogrodowe,token_before
baseny ogrodowe cennik,token_after
baseny ogrodowe ceny,token_after
baseny ogrodowe ranking,token_after
baseny ogrodowe opinie,token_after
baseny ogrodowe forum,token_after
baseny ogrodowe porównanie,token_after
baseny ogrodowe wymiary,token_after
baseny ogrodowe rozmiary,token_after
baseny ogrodowe allegro,token_after
baseny ogrodowe castorama,token_after
baseny ogrodowe leroy merlin,token_after
baseny ogrodowe obi,token_after
baseny ogrodowe decathlon,token_after
baseny ogrodowe pepco,token_after
baseny ogrodowe sklep,token_after
baseny ogrodowe warszawa,token_after
baseny ogrodowe kraków,token_after
baseny ogrodowe wrocław,token_after
baseny ogrodowe poznań,token_after
baseny ogrodowe gdańsk,token_after
baseny ogrodowe łódź,token_after
baseny ogrodowe 2024,token_after
baseny ogrodowe 2025,token_after
baseny ogrodowe montaż,token_after
baseny ogrodowe konserwacja,token_after
baseny ogrodowe zimowanie,token_after
baseny ogrodowe akcesoria,token_after
baseny ogrodowe z filtracją,atrybut
baseny ogrodowe z pompą,atrybut
baseny ogrodowe z podgrzewaniem,atrybut
baseny ogrodowe z drabinką,atrybut
baseny ogrodowe z zadaszeniem,atrybut
baseny ogrodowe z filtrem,atrybut
baseny ogrodowe z pompą ciepła,atrybut
baseny ogrodowe z systemem filtracji,atrybut
baseny ogrodowe z obudową,atrybut
baseny ogrodowe z jacuzzi,atrybut
baseny ogrodowe z hydromasażem,atrybut
baseny ogrodowe z pompą filtrującą,atrybut
baseny ogrodowe z solinatorem,atrybut
baseny ogrodowe do ogrodu,use_case
baseny ogrodowe do dzieci,use_case
baseny ogrodowe na działkę,use_case
baseny ogrodowe na lato,use_case
baseny ogrodowe na taras,use_case
baseny ogrodowe do wkopania,use_case
baseny ogrodowe wolnostojące,use_case
baseny ogrodowe na ziemi,use_case
baseny ogrodowe zagłębione,use_case
baseny ogrodowe całoroczne,use_case
baseny ogrodowe sezonowe,use_case
baseny ogrodowe dla rodzin,audience
baseny ogrodowe dla dzieci,audience
baseny ogrodowe dla dorosłych,audience
baseny ogrodowe dla 4 osób,audience
baseny ogrodowe dla 6 osób,audience
baseny ogrodowe dla 8 osób,audience
baseny ogrodowe premium,cena_jakość
baseny ogrodowe budżetowe,cena_jakość
baseny ogrodowe luksusowe,cena_jakość
baseny ogrodowe tanie,cena_jakość
baseny ogrodowe drogie,cena_jakość
baseny ogrodowe do 1000 zł,cena_jakość
baseny ogrodowe do 2000 zł,cena_jakość
baseny ogrodowe do 3000 zł,cena_jakość
baseny ogrodowe do 5000 zł,cena_jakość
baseny ogrodowe powyżej 5000 zł,cena_jakość
baseny ogrodowe ekonomiczne,cena_jakość
baseny ogrodowe stelażowe,materiał
baseny ogrodowe nadmuchiwane,materiał
baseny ogrodowe dmuchane,materiał
baseny ogrodowe rozporowe,materiał
baseny ogrodowe poliestrowe,materiał
baseny ogrodowe kompozytowe,materiał
baseny ogrodowe drewniane,materiał
baseny ogrodowe betonowe,materiał
baseny ogrodowe metalowe,materiał
baseny ogrodowe panelowe,materiał
baseny ogrodowe plastikowe,materiał
baseny ogrodowe wkopywane,materiał
baseny stelażowe,hiponim
baseny nadmuchiwane,hiponim
baseny rozporowe,hiponim
baseny wkopywane,hiponim
baseny kompozytowe,hiponim
baseny poliestrowe,hiponim
baseny dmuchane,hiponim
baseny panelowe,hiponim
baseny drewniane,hiponim
co to jest basen ogrodowy,pytanie_definicja
czym jest basen ogrodowy,pytanie_definicja
co oznacza basen ogrodowy,pytanie_definicja
co to basen przydomowy,pytanie_definicja
jak działa basen ogrodowy,pytanie_proces
jak zainstalować basen ogrodowy,pytanie_proces
jak zamontować basen ogrodowy,pytanie_proces
jak rozłożyć basen ogrodowy,pytanie_proces
jak złożyć basen ogrodowy,pytanie_proces
jak przygotować miejsce pod basen ogrodowy,pytanie_proces
jak przygotować grunt pod basen ogrodowy,pytanie_proces
jak utrzymać basen ogrodowy,pytanie_proces
jak pielęgnować basen ogrodowy,pytanie_proces
jak konserwować basen ogrodowy,pytanie_proces
jak spuścić wodę z basenu ogrodowego,pytanie_proces
jak napełnić basen ogrodowy,pytanie_proces
jak podgrzać wodę w basenie ogrodowym,pytanie_proces
jak oczyścić basen ogrodowy,pytanie_proces
jak chlorować basen ogrodowy,pytanie_proces
jak czyścić basen ogrodowy,pytanie_proces
jak zabezpieczyć basen ogrodowy na zimę,pytanie_proces
jak zimować basen ogrodowy,pytanie_proces
jak zabudować basen ogrodowy,pytanie_proces
jak wkopać basen ogrodowy,pytanie_proces
ile kosztuje basen ogrodowy,pytanie_koszt
ile kosztują baseny ogrodowe,pytanie_koszt
ile kosztuje montaż basenu ogrodowego,pytanie_koszt
ile kosztuje instalacja basenu ogrodowego,pytanie_koszt
ile kosztuje utrzymanie basenu ogrodowego,pytanie_koszt
ile kosztuje eksploatacja basenu ogrodowego,pytanie_koszt
ile wody mieści basen ogrodowy,pytanie_koszt
ile litrów wody zmieści basen ogrodowy,pytanie_koszt
ile kosztuje woda do basenu ogrodowego,pytanie_koszt
ile kosztuje chemia do basenu ogrodowego,pytanie_koszt
ile kosztuje zrobienie basenu przydomowego,paa_question
ile kosztuje budowa basenu 8x4,paa_question
ile kosztuje basen wkopany w ziemię,paa_question
ile kosztuje chowający się basen,paa_question
ile kosztuje basen z montażem,paa_question
jaki basen do 1000 zł,paa_question
gdzie kupić basen ogrodowy,pytanie_lokalizacja
gdzie kupić baseny ogrodowe,pytanie_lokalizacja
gdzie najtaniej kupić basen ogrodowy,pytanie_lokalizacja
gdzie można kupić basen ogrodowy,pytanie_lokalizacja
gdzie kupić basen ogrodowy w polsce,pytanie_lokalizacja
gdzie kupić basen ogrodowy w warszawie,pytanie_lokalizacja
gdzie kupić basen ogrodowy w krakowie,pytanie_lokalizacja
gdzie kupić tani basen ogrodowy,pytanie_lokalizacja
gdzie kupić dobry basen ogrodowy,pytanie_lokalizacja
gdzie zamówić basen ogrodowy,pytanie_lokalizacja
kiedy rozkładać basen ogrodowy,pytanie_czas
kiedy kupić basen ogrodowy,pytanie_czas
kiedy najlepiej kupić basen ogrodowy,pytanie_czas
kiedy złożyć basen ogrodowy,pytanie_czas
kiedy spuścić wodę z basenu ogrodowego,pytanie_czas
kiedy wymienić wodę w basenie ogrodowym,pytanie_czas
kiedy zacząć sezon basenowy,pytanie_czas
kiedy kończy się sezon basenowy,pytanie_czas
kiedy wyprzedaże basenów ogrodowych,pytanie_czas
kiedy najlepsze ceny na baseny ogrodowe,pytanie_czas
który basen ogrodowy wybrać,pytanie_wybór
który basen ogrodowy jest najlepszy,pytanie_wybór
który basen ogrodowy kupić,pytanie_wybór
który basen ogrodowy najpopularniejszy,pytanie_wybór
który basen ogrodowy najtrwalszy,pytanie_wybór
który basen ogrodowy do ogrodu,pytanie_wybór
który basen ogrodowy dla rodziny,pytanie_wybór
który basen ogrodowy dla dzieci,pytanie_wybór
który materiał basenu ogrodowego,pytanie_wybór
która firma basenów ogrodowych,pytanie_wybór
dlaczego warto mieć basen ogrodowy,pytanie_powód
dlaczego kupić basen ogrodowy,pytanie_powód
dlaczego basen ogrodowy się opłaca,pytanie_powód
dlaczego basen ogrodowy a nie wyjazd,pytanie_powód
dlaczego basen ogrodowy jest drogi,pytanie_powód
dlaczego woda w basenie ogrodowym zielona,pytanie_powód
dlaczego woda w basenie mętna,pytanie_powód
dlaczego basen ogrodowy wymaga konserwacji,pytanie_powód
czy basen ogrodowy się opłaca,pytanie_warunek
czy basen ogrodowy jest opłacalny,pytanie_warunek
czy basen ogrodowy wymaga pozwolenia,pytanie_warunek
czy basen ogrodowy wymaga zgłoszenia,pytanie_warunek
czy basen ogrodowy trzeba zgłosić,pytanie_warunek
czy basen ogrodowy można zostawić na zimę,pytanie_warunek
czy basen ogrodowy można wkopać,pytanie_warunek
czy basen ogrodowy można zagłębić,pytanie_warunek
czy basen ogrodowy może być całoroczny,pytanie_warunek
czy basen ogrodowy jest bezpieczny,pytanie_warunek
czy płaci się podatek od basenu,paa_question
jaki basen jest najlepszy do ogrodu,paa_question
jaki basen do ogrodu jest najlepszy,paa_question
jaka firma basenowa jest najlepsza,paa_question
jaki basen jest lepszy stelażowy czy rozporowy,paa_question
co jest lepsze intex czy bestway,paa_question
czy basen stelażowy można zostawić na zimę z wodą,paa_question
ile lat wytrzymuje basen stelażowy,paa_question
co najlepiej podłożyć pod basen stelażowy,paa_question
basen stelażowy vs nadmuchiwany,porównanie
basen stelażowy vs rozporowy,porównanie
basen ogrodowy vs basen wkopany,porównanie
baseny intex vs bestway,porównanie
basen dmuchany vs stelażowy,porównanie
basen okrągły vs prostokątny,porównanie
basen z filtracja vs bez filtracji,porównanie
basen drewniany vs kompozytowy,porównanie
basen poliestrowy vs betonowy,porównanie
basen całoroczny vs sezonowy,porównanie
basen wolnostojący vs wkopywany,porównanie
basen z podgrzewaniem vs bez podgrzewania,porównanie
chemia basenowa,powiązane
środki do basenu,powiązane
chlor do basenu,powiązane
filtr do basenu,powiązane
pompa do basenu,powiązane
drabinka do basenu,powiązane
pokrywa do basenu,powiązane
zadaszenie do basenu,powiązane
podłoże pod basen,powiązane
mata pod basen,powiązane
folia pod basen,powiązane
pompka do basenu,powiązane
odkurzacz do basenu,powiązane
siatka do basenu,powiązane
termometr do basenu,powiązane
oświetlenie do basenu,powiązane
schody do basenu,powiązane
pompa ciepła do basenu,powiązane
solinator do basenu,powiązane
zestaw do basenu,powiązane
akcesoria do basenu ogrodowego,powiązane
konserwacja basenu ogrodowego,powiązane
montaż basenu ogrodowego,powiązane
instalacja basenu ogrodowego,powiązane
budowa basenu ogrodowego,powiązane
projekt basenu ogrodowego,powiązane
pozwolenie na basen ogrodowy,powiązane
zgłoszenie basenu ogrodowego,powiązane
podatek od basenu ogrodowego,powiązane
przepisy dotyczące basenu ogrodowego,powiązane
wymogi dla basenu ogrodowego,powiązane
bezpieczeństwo basenu ogrodowego,powiązane
zabezpieczenie basenu ogrodowego,powiązane
zabudowa basenu ogrodowego,powiązane
terasa wokół basenu ogrodowego,powiązane
zagospodarowanie wokół basenu,powiązane
basen ogrodowy dla dzieci opinie,long_tail
tani basen ogrodowy sklep warszawa,long_tail
najlepszy basen ogrodowy ranking 2024,long_tail
duży basen stelażowy prostokątny,long_tail
mały basen dmuchany dla dzieci,long_tail
basen ogrodowy z filtracją cennik,long_tail
basen ogrodowy 4 osobowy cena,long_tail
basen ogrodowy całoroczny podgrzewany cena,long_tail
basen wkopywany kompozytowy ceny,long_tail
jak zamontować basen stelażowy krok po kroku,long_tail
jak przygotować grunt pod basen instrukcja,long_tail
ile kosztuje utrzymanie basenu miesięcznie,long_tail
gdzie kupić tani basen ogrodowy allegro,long_tail
jaki basen do małego ogrodu,long_tail
jaki basen dla 4 osobowej rodziny,long_tail
który basen stelażowy najlepszy opinie,long_tail
basen ogrodowy 3x2m prostokątny,long_tail
basen ogrodowy 4x2m z filtrem,long_tail
basen ogrodowy 5x3m stelażowy,long_tail
basen ogrodowy 6x3m z pompą,long_tail
basen ogrodowy okrągły 3m,long_tail
basen ogrodowy okrągły 4m,long_tail
basen ogrodowy głębokość 1m,long_tail
basen ogrodowy głębokość 120cm,long_tail
baseny intex,marka
baseny bestway,marka
baseny gre,marka
baseny vivapool,marka
baseny aquamonkey,marka
baseny summer waves,marka
baseny marimex,marka
baseny poolsfactory,marka
basen ogrodowy intex opinie,marka_long_tail
basen ogrodowy bestway ranking,marka_long_tail
basen stelażowy intex cena,marka_long_tail
basen stelażowy bestway montaż,marka_long_tail
basen kompozytowy vivapool,marka_long_tail
basen poliestrowy poolsfactory,marka_long_tail
basen stelażowy prostokątny 400x200x122,related_search
jak złożyć basen stelażowy po sezonie,related_search
jak złożyć basen stelażowy prostokątny,related_search
jak złożyć basen stelażowy bestway,related_search
jak złożyć basen stelażowy intex,related_search
basen stelażowy prostokątny 610x360x122cm,related_search
jak rozłożyć basen stelażowy bestway prostokątny,related_search
basen stelażowy prostokątny 671x366x132,related_search
baseny dmuchane duże,related_search
baseny ogrodowe dmuchane,related_search
baseny ogrodowe całoroczne,related_search
basen dmuchany dla dzieci pepco,related_search
basen dmuchany głęboki,related_search
basen dmuchany z filtrem,related_search
gotowe baseny do wkopania ceny,related_search
basen ogrodowy wyprzedaż,related_search
basen ogrodowy całoroczny podgrzewany,related_search
basen ogrodowy z montażem cena,related_search
basen ogrodowy wyprzedaż castorama,related_search
baseny ogrodowe poradnik,serp_pattern
baseny ogrodowe kompletny przewodnik,serp_pattern
baseny ogrodowe jak wybrać,serp_pattern
baseny ogrodowe co warto wiedzieć,serp_pattern
baseny ogrodowe wszystko co musisz wiedzieć,serp_pattern
baseny ogrodowe najczęstsze pytania,serp_pattern
baseny ogrodowe faq,serp_pattern
baseny ogrodowe porady ekspertów,serp_pattern
baseny ogrodowe blog,serp_pattern
baseny ogrodowe aktualności,serp_pattern
jakie baseny ogrodowe,long_tail_wariant
czym myć basen ogrodowy,long_tail_wariant
czym napełnić basen ogrodowy,long_tail_wariant
czym czyścić basen ogrodowy,long_tail_wariant
czym podgrzać basen ogrodowy,long_tail_wariant
czym zabezpieczyć basen ogrodowy,long_tail_wariant
czym przykryć basen ogrodowy,long_tail_wariant
jaką pompę do basenu ogrodowego,long_tail_wariant
jaki filtr do basenu ogrodowego,long_tail_wariant
jaka chemia do basenu ogrodowego,long_tail_wariant
jakie akcesoria do basenu ogrodowego,long_tail_wariant
jakie wymiary basenu ogrodowego,long_tail_wariant
basen ogrodowy na tarasie,lokalizacja_szczegół
basen ogrodowy na balkonie,lokalizacja_szczegół
basen ogrodowy na dachu,lokalizacja_szczegół
basen ogrodowy przy domu,lokalizacja_szczegół
basen ogrodowy w ogrodzie,lokalizacja_szczegół
basen ogrodowy na działce rekreacyjnej,lokalizacja_szczegół
basen ogrodowy w małym ogrodzie,lokalizacja_szczegół
basen ogrodowy w dużym ogrodzie,lokalizacja_szczegół
baseny ogrodowe problemy,problem
baseny ogrodowe wady,problem
baseny ogrodowe zalety,problem
baseny ogrodowe awarie,problem
baseny ogrodowe naprawa,problem
baseny ogrodowe przeciek,problem
baseny ogrodowe dziura,problem
baseny ogrodowe zielona woda,problem
baseny ogrodowe mętna woda,problem
baseny ogrodowe osad,problem
baseny ogrodowe glony,problem
baseny ogrodowe rdzewienie,problem
baseny ogrodowe pęknięcia,problem
basen ogrodowy nie trzyma wody,problem
basen ogrodowy ubytek wody,problem
basen ogrodowy zepsuta pompa,problem
basen ogrodowy niedziałający filtr,problem
baseny ogrodowe używane,zakup_wariant
baseny ogrodowe nowe,zakup_wariant
baseny ogrodowe z montażem,zakup_wariant
baseny ogrodowe z dowozem,zakup_wariant
baseny ogrodowe z instalacją,zakup_wariant
baseny ogrodowe na raty,zakup_wariant
baseny ogrodowe promocje,zakup_wariant
baseny ogrodowe przeceny,zakup_wariant
baseny ogrodowe outlety,zakup_wariant
baseny ogrodowe hurtownia,zakup_wariant
baseny ogrodowe producent,zakup_wariant
baseny ogrodowe dystrybutor,zakup_wariant
baseny ogrodowe import,zakup_wariant
basen ogrodowy sezon letni,czas_szczegół
basen ogrodowy maj czerwiec,czas_szczegół
basen ogrodowy lipiec sierpień,czas_szczegół
basen ogrodowy wrzesień,czas_szczegół
basen ogrodowy przedsezonowa wyprzedaż,czas_szczegół
basen ogrodowy koniec sezonu,czas_szczegół
basen ogrodowy black friday,czas_szczegół
baseny ogrodowe szybka dostawa,zakup_logistyka
baseny ogrodowe darmowa wysyłka,zakup_logistyka
baseny ogrodowe kurier,zakup_logistyka
baseny ogrodowe odbiór osobisty,zakup_logistyka
baseny ogrodowe transport,zakup_logistyka
basen ogrodowy wymiana,serwis
basen ogrodowy naprawa gwarancyjna,serwis
basen ogrodowy reklamacja,serwis
basen ogrodowy gwarancja,serwis
basen ogrodowy instrukcja obsługi,serwis
basen ogrodowy manual,serwis
basen ogrodowy karta produktu,serwis
basen ogrodowy certyfikaty,serwis
basen ogrodowy normy,serwis
jakich rozmiarów baseny ogrodowe,wymiar_pytanie
basen ogrodowy 2x2,wymiar_konkretny
basen ogrodowy 3x2,wymiar_konkretny
basen ogrodowy 4x2,wymiar_konkretny
basen ogrodowy 5x3,wymiar_konkretny
basen ogrodowy 6x3,wymiar_konkretny
basen ogrodowy 6x4,wymiar_konkretny
basen ogrodowy 8x4,wymiar_konkretny
basen ogrodowy 10x5,wymiar_konkretny
basen ogrodowy okrągły 3m średnicy,wymiar_konkretny
basen ogrodowy okrągły 4m średnicy,wymiar_konkretny
basen ogrodowy okrągły 5m średnicy,wymiar_konkretny
basen ogrodowy wysokość 120cm,wymiar_konkretny
basen ogrodowy wysokość 150cm,wymiar_konkretny
basen ogrodowy pojemność 5000l,wymiar_konkretny
basen ogrodowy pojemność 10000l,wymiar_konkretny
basen ogrodowy pojemność 15000l,wymiar_konkretny
mini basen ogrodowy,wielkość_relatywna
mały basen ogrodowy wymiary,wielkość_relatywna
średni basen ogrodowy,wielkość_relatywna
duży basen ogrodowy wymiary,wielkość_relatywna
bardzo duży basen ogrodowy,wielkość_relatywna
ogromny basen ogrodowy,wielkość_relatywna
basen ogrodowy kompaktowy,wielkość_relatywna
basen ogrodowy rodzinny rozmiar,wielkość_relatywna
