keyword,cluster_id,typ
gdzie kupić basen ogrodowy w krakowie,0,pytanie_lokalizacja
gdzie kupić dobry basen ogrodowy,0,pytanie_lokalizacja
gdzie kupić tani basen ogrodowy,0,pytanie_lokalizacja
baseny ogrodowe wrocław,0,token_after
baseny ogrodowe kraków,0,token_after
baseny ogrodowe warszawa,0,token_after
kiedy wyprzedaże basenów ogrodowych,0,pytanie_czas
kiedy najlepsze ceny na baseny ogrodowe,0,pytanie_czas
gdzie kupić basen ogrodowy w warszawie,0,pytanie_lokalizacja
gdzie kupić basen ogrodowy w polsce,0,pytanie_lokalizacja
gdzie można kupić basen ogrodowy,0,pytanie_lokalizacja
gdzie najtaniej kupić basen ogrodowy,0,pytanie_lokalizacja
gdzie kupić baseny ogrodowe,0,pytanie_lokalizacja
gdzie kupić basen ogrodowy,0,pytanie_lokalizacja
basen ogrodowy wyprzedaż castorama,0,related_search
kiedy najlepiej kupić basen ogrodowy,0,pytanie_czas
gdzie zamówić basen ogrodowy,0,pytanie_lokalizacja
tani basen ogrodowy sklep warszawa,0,long_tail
gdzie kupić tani basen ogrodowy allegro,0,long_tail
jak zimować basen ogrodowy,1,pytanie_proces
basen ogrodowy maj czerwiec,1,czas_szczegół
jak działa basen ogrodowy,1,pytanie_proces
jak przygotować miejsce pod basen ogrodowy,1,pytanie_proces
jak przygotować grunt pod basen ogrodowy,1,pytanie_proces
baseny ogrodowe konserwacja,1,token_after
jak utrzymać basen ogrodowy,1,pytanie_proces
jak pielęgnować basen ogrodowy,1,pytanie_proces
basen ogrodowy koniec sezonu,1,czas_szczegół
jak konserwować basen ogrodowy,1,pytanie_proces
jak spuścić wodę z basenu ogrodowego,1,pytanie_proces
jak napełnić basen ogrodowy,1,pytanie_proces
jak podgrzać wodę w basenie ogrodowym,1,pytanie_proces
jak oczyścić basen ogrodowy,1,pytanie_proces
baseny ogrodowe zielona woda,1,problem
baseny ogrodowe mętna woda,1,problem
jak chlorować basen ogrodowy,1,pytanie_proces
baseny ogrodowe rdzewienie,1,problem
ile litrów wody zmieści basen ogrodowy,1,pytanie_koszt
ile wody mieści basen ogrodowy,1,pytanie_koszt
jak czyścić basen ogrodowy,1,pytanie_proces
basen ogrodowy ubytek wody,1,problem
basen ogrodowy zepsuta pompa,1,problem
basen ogrodowy niedziałający filtr,1,problem
jak wkopać basen ogrodowy,1,pytanie_proces
jak zabudować basen ogrodowy,1,pytanie_proces
jak zabezpieczyć basen ogrodowy na zimę,1,pytanie_proces
basen ogrodowy nie trzyma wody,1,problem
podłoże pod basen,1,powiązane
kiedy wymienić wodę w basenie ogrodowym,1,pytanie_czas
bezpieczeństwo basenu ogrodowego,1,powiązane
jak przygotować grunt pod basen instrukcja,1,long_tail
kiedy spuścić wodę z basenu ogrodowego,1,pytanie_czas
czy basen ogrodowy można zagłębić,1,pytanie_warunek
czy basen ogrodowy można zostawić na zimę,1,pytanie_warunek
konserwacja basenu ogrodowego,1,powiązane
dlaczego woda w basenie mętna,1,pytanie_powód
dlaczego woda w basenie ogrodowym zielona,1,pytanie_powód
który materiał basenu ogrodowego,1,pytanie_wybór
dlaczego basen ogrodowy wymaga konserwacji,1,pytanie_powód
czym przykryć basen ogrodowy,1,long_tail_wariant
jaka chemia do basenu ogrodowego,1,long_tail_wariant
czym napełnić basen ogrodowy,1,long_tail_wariant
czym czyścić basen ogrodowy,1,long_tail_wariant
jaki filtr do basenu ogrodowego,1,long_tail_wariant
czym podgrzać basen ogrodowy,1,long_tail_wariant
czym zabezpieczyć basen ogrodowy,1,long_tail_wariant
czym myć basen ogrodowy,1,long_tail_wariant
jaką pompę do basenu ogrodowego,1,long_tail_wariant
baseny ogrodowe z instalacją,2,zakup_wariant
baseny ogrodowe na raty,2,zakup_wariant
baseny ogrodowe promocje,2,zakup_wariant
baseny ogrodowe przeceny,2,zakup_wariant
akcesoria do basenu ogrodowego,2,powiązane
baseny ogrodowe plastikowe,2,materiał
baseny ogrodowe producent,2,zakup_wariant
baseny ogrodowe dystrybutor,2,zakup_wariant
baseny ogrodowe import,2,zakup_wariant
baseny ogrodowe z dowozem,2,zakup_wariant
basen ogrodowy przedsezonowa wyprzedaż,2,czas_szczegół
baseny stelażowe,2,hiponim
baseny ogrodowe wkopywane,2,materiał
baseny ogrodowe hurtownia,2,zakup_wariant
baseny ogrodowe z montażem,2,zakup_wariant
basen ogrodowy okrągły 3m,2,long_tail
basen ogrodowy z filtracją cennik,2,long_tail
basen ogrodowy z montażem cena,2,related_search
basen ogrodowy wyprzedaż,2,related_search
gotowe baseny do wkopania ceny,2,related_search
basen stelażowy prostokątny 671x366x132,2,related_search
baseny ogrodowe używane,2,zakup_wariant
baseny ogrodowe nowe,2,zakup_wariant
basen stelażowy prostokątny 610x360x122cm,2,related_search
basen stelażowy prostokątny 400x200x122,2,related_search
basen stelażowy intex cena,2,marka_long_tail
basen ogrodowy okrągły 4m,2,long_tail
basen ogrodowy 5x3m stelażowy,2,long_tail
basen ogrodowy kompaktowy,2,wielkość_relatywna
basen wkopywany kompozytowy ceny,2,long_tail
basen ogrodowy całoroczny podgrzewany cena,2,long_tail
basen ogrodowy 4 osobowy cena,2,long_tail
duży basen stelażowy prostokątny,2,long_tail
baseny ogrodowe panelowe,2,materiał
baseny ogrodowe outlety,2,zakup_wariant
basen ogrodowy black friday,2,czas_szczegół
baseny ogrodowe akcesoria,2,token_after
baseny ogrodowe z filtracją,2,atrybut
baseny ogrodowe z pompą,2,atrybut
baseny ogrodowe z podgrzewaniem,2,atrybut
baseny ogrodowe z drabinką,2,atrybut
baseny do ogrodu,2,synonim
tanie baseny ogrodowe,2,token_before
solidne baseny ogrodowe,2,token_before
baseny ogrodowe z systemem filtracji,2,atrybut
baseny ogrodowe z obudową,2,atrybut
baseny ogrodowe z jacuzzi,2,atrybut
baseny ogrodowe z hydromasażem,2,atrybut
baseny ogrodowe z pompą filtrującą,2,atrybut
baseny ogrodowe z solinatorem,2,atrybut
baseny ogrodowe z pompą ciepła,2,atrybut
baseny ogrodowe do ogrodu,2,use_case
baseny ogrodowe 2024,2,token_after
baseny ogrodowe łódź,2,token_after
łatwe w montażu baseny ogrodowe,2,token_before
wytrzymałe baseny ogrodowe,2,token_before
baseny ogrodowe cennik,2,token_after
baseny ogrodowe ceny,2,token_after
baseny ogrodowe ranking,2,token_after
baseny ogrodowe porównanie,2,token_after
duże baseny ogrodowe,2,token_before
baseny ogrodowe allegro,2,token_after
baseny ogrodowe leroy merlin,2,token_after
baseny ogrodowe obi,2,token_after
baseny ogrodowe decathlon,2,token_after
okrągłe baseny ogrodowe,2,token_before
baseny ogrodowe sklep,2,token_after
baseny ogrodowe metalowe,2,materiał
baseny ogrodowe castorama,2,token_after
basen ogrodowy karta produktu,2,serwis
baseny ogrodowe z filtrem,2,atrybut
baseny ogrodowe na lato,2,use_case
baseny ogrodowe odbiór osobisty,2,zakup_logistyka
baseny ogrodowe tanie,2,cena_jakość
baseny ogrodowe drogie,2,cena_jakość
baseny ogrodowe na działkę,2,use_case
baseny ogrodowe do 2000 zł,2,cena_jakość
baseny ogrodowe do 3000 zł,2,cena_jakość
baseny ogrodowe do 5000 zł,2,cena_jakość
baseny ogrodowe powyżej 5000 zł,2,cena_jakość
baseny ogrodowe ekonomiczne,2,cena_jakość
baseny ogrodowe stelażowe,2,materiał
baseny ogrodowe kurier,2,zakup_logistyka
baseny ogrodowe darmowa wysyłka,2,zakup_logistyka
baseny ogrodowe rozporowe,2,materiał
baseny ogrodowe poliestrowe,2,materiał
baseny ogrodowe szybka dostawa,2,zakup_logistyka
baseny ogrodowe budżetowe,2,cena_jakość
baseny ogrodowe premium,2,cena_jakość
baseny ogrodowe do 1000 zł,2,cena_jakość
baseny ogrodowe dla 6 osób,2,audience
baseny ogrodowe do wkopania,2,use_case
baseny ogrodowe wolnostojące,2,use_case
baseny ogrodowe na ziemi,2,use_case
baseny ogrodowe dla 8 osób,2,audience
baseny ogrodowe sezonowe,2,use_case
baseny ogrodowe dla rodzin,2,audience
baseny ogrodowe transport,2,zakup_logistyka
baseny ogrodowe dla dorosłych,2,audience
basen ogrodowy gwarancja,2,serwis
baseny ogrodowe dla 4 osób,2,audience
mini basen ogrodowy,3,wielkość_relatywna
trwałe baseny ogrodowe,3,token_before
basen ogrodowy pojemność 5000l,3,wymiar_konkretny
basen ogrodowy głębokość 120cm,3,long_tail
projekt basenu ogrodowego,3,powiązane
średni basen ogrodowy,3,wielkość_relatywna
basen ogrodowy głębokość 1m,3,long_tail
ogromny basen ogrodowy,3,wielkość_relatywna
montaż basenu ogrodowego,3,powiązane
basen ogrodowy pojemność 10000l,3,wymiar_konkretny
basen ogrodowy pojemność 15000l,3,wymiar_konkretny
mały basen ogrodowy wymiary,3,wielkość_relatywna
basen ogrodowy 6x3m z pompą,3,long_tail
prostokątne baseny ogrodowe,3,token_before
instalacja basenu ogrodowego,3,powiązane
budowa basenu ogrodowego,3,powiązane
duży basen ogrodowy wymiary,3,wielkość_relatywna
bardzo duży basen ogrodowy,3,wielkość_relatywna
zagospodarowanie wokół basenu,3,powiązane
małe baseny ogrodowe,3,token_before
terasa wokół basenu ogrodowego,3,powiązane
basen ogrodowy 4x2m z filtrem,3,long_tail
basen ogrodowy 3x2m prostokątny,3,long_tail
zabudowa basenu ogrodowego,3,powiązane
basen ogrodowy wysokość 150cm,3,wymiar_konkretny
basen ogrodowy na tarasie,3,lokalizacja_szczegół
basen ogrodowy na balkonie,3,lokalizacja_szczegół
basen ogrodowy wrzesień,3,czas_szczegół
basen ogrodowy lipiec sierpień,3,czas_szczegół
basen ogrodowy sezon letni,3,czas_szczegół
basen ogrodowy manual,3,serwis
basen ogrodowy w dużym ogrodzie,3,lokalizacja_szczegół
basen ogrodowy w małym ogrodzie,3,lokalizacja_szczegół
basen ogrodowy na działce rekreacyjnej,3,lokalizacja_szczegół
basen ogrodowy w ogrodzie,3,lokalizacja_szczegół
basen ogrodowy przy domu,3,lokalizacja_szczegół
basen ogrodowy normy,3,serwis
basen ogrodowy 2x2,3,wymiar_konkretny
basen ogrodowy 3x2,3,wymiar_konkretny
basen ogrodowy 4x2,3,wymiar_konkretny
basen ogrodowy na dachu,3,lokalizacja_szczegół
basen ogrodowy 5x3,3,wymiar_konkretny
basen ogrodowy rodzinny rozmiar,3,wielkość_relatywna
jakie wymiary basenu ogrodowego,3,long_tail_wariant
basen ogrodowy wysokość 120cm,3,wymiar_konkretny
basen ogrodowy okrągły 5m średnicy,3,wymiar_konkretny
basen ogrodowy okrągły 4m średnicy,3,wymiar_konkretny
basen ogrodowy 6x3,3,wymiar_konkretny
basen ogrodowy całoroczny podgrzewany,3,related_search
basen ogrodowy 10x5,3,wymiar_konkretny
basen ogrodowy okrągły 3m średnicy,3,wymiar_konkretny
baseny ogrodowe wymiary,3,token_after
baseny ogrodowe rozmiary,3,token_after
basen ogrodowy 6x4,3,wymiar_konkretny
basen ogrodowy 8x4,3,wymiar_konkretny
basen stelażowy bestway montaż,4,marka_long_tail
jak zamontować basen stelażowy krok po kroku,4,long_tail
jak rozłożyć basen stelażowy bestway prostokątny,4,related_search
basen ogrodowy instrukcja obsługi,4,serwis
jak złożyć basen stelażowy po sezonie,4,related_search
jak złożyć basen stelażowy intex,4,related_search
jak złożyć basen stelażowy prostokątny,4,related_search
jak złożyć basen stelażowy bestway,4,related_search
ile lat wytrzymuje basen stelażowy,4,paa_question
kiedy złożyć basen ogrodowy,4,pytanie_czas
co najlepiej podłożyć pod basen stelażowy,4,paa_question
jak zainstalować basen ogrodowy,4,pytanie_proces
jak rozłożyć basen ogrodowy,4,pytanie_proces
jak złożyć basen ogrodowy,4,pytanie_proces
kiedy rozkładać basen ogrodowy,4,pytanie_czas
jak zamontować basen ogrodowy,4,pytanie_proces
czy basen stelażowy można zostawić na zimę z wodą,4,paa_question
baseny wkopywane,5,hiponim
baseny kompozytowe,5,hiponim
baseny ogrodowe betonowe,5,materiał
baseny poolsfactory,5,marka
baseny ogrodowe kompletny przewodnik,5,serp_pattern
baseny poliestrowe,5,hiponim
baseny ogrodowe drewniane,5,materiał
baseny ogrodowe kompozytowe,5,materiał
basen kompozytowy vivapool,5,marka_long_tail
basen poliestrowy poolsfactory,5,marka_long_tail
baseny drewniane,5,hiponim
baseny ogrodowe luksusowe,5,cena_jakość
baseny ogrodowe poradnik,5,serp_pattern
baseny rozporowe,5,hiponim
baseny ogrodowe,5,seed
baseny ogrodowe wszystko co musisz wiedzieć,5,serp_pattern
baseny ogrodowe najczęstsze pytania,5,serp_pattern
baseny ogrodowe dziura,5,problem
baseny ogrodowe przeciek,5,problem
baseny ogrodowe naprawa,5,problem
baseny ogrodowe awarie,5,problem
baseny ogrodowe zalety,5,problem
baseny ogrodowe wady,5,problem
baseny ogrodowe co warto wiedzieć,5,serp_pattern
baseny ogrodowe problemy,5,problem
baseny ogrodowe glony,5,problem
baseny ogrodowe pęknięcia,5,problem
baseny ogrodowe aktualności,5,serp_pattern
baseny ogrodowe blog,5,serp_pattern
baseny ogrodowe porady ekspertów,5,serp_pattern
baseny ogrodowe faq,5,serp_pattern
baseny ogrodowe osad,5,problem
basen ogrodowy wymiana,5,serwis
baseny panelowe,5,hiponim
basen ogrodowy reklamacja,5,serwis
basen ogrodowy naprawa gwarancyjna,5,serwis
baseny ogrodowe forum,5,token_after
baseny ogrodowe opinie,5,token_after
funkcjonalne baseny ogrodowe,5,token_before
praktyczne baseny ogrodowe,5,token_before
eleganckie baseny ogrodowe,5,token_before
nowoczesne baseny ogrodowe,5,token_before
estetyczne baseny ogrodowe,5,token_before
owalne baseny ogrodowe,5,token_before
głębokie baseny ogrodowe,5,token_before
baseny na działkę,5,synonim
baseny domowe,5,synonim
baseny przydomowe,5,synonim
baseny kąpielowe,5,synonim
pływalnie przydomowe,5,synonim
baseny ogrodowe gdańsk,5,token_after
baseny ogrodowe 2025,5,token_after
baseny ogrodowe poznań,5,token_after
baseny ogrodowe z zadaszeniem,5,atrybut
baseny ogrodowe całoroczne,5,related_search
baseny ogrodowe zagłębione,5,use_case
baseny ogrodowe na taras,5,use_case
basen ogrodowy certyfikaty,5,serwis
baseny ogrodowe zimowanie,5,token_after
baseny ogrodowe montaż,5,token_after
baseny aquamonkey,6,marka
baseny summer waves,6,marka
baseny marimex,6,marka
baseny gre,6,marka
solinator do basenu,6,powiązane
chlor do basenu,6,powiązane
baseny intex vs bestway,6,porównanie
baseny vivapool,6,marka
ile kosztuje chowający się basen,7,paa_question
ile kosztuje woda do basenu ogrodowego,7,pytanie_koszt
ile kosztuje eksploatacja basenu ogrodowego,7,pytanie_koszt
ile kosztuje utrzymanie basenu ogrodowego,7,pytanie_koszt
ile kosztuje instalacja basenu ogrodowego,7,pytanie_koszt
ile kosztuje montaż basenu ogrodowego,7,pytanie_koszt
ile kosztuje basen wkopany w ziemię,7,paa_question
ile kosztują baseny ogrodowe,7,pytanie_koszt
ile kosztuje budowa basenu 8x4,7,paa_question
ile kosztuje utrzymanie basenu miesięcznie,7,long_tail
ile kosztuje basen ogrodowy,7,pytanie_koszt
ile kosztuje basen z montażem,7,paa_question
ile kosztuje chemia do basenu ogrodowego,7,pytanie_koszt
ile kosztuje zrobienie basenu przydomowego,7,paa_question
pozwolenie na basen ogrodowy,8,powiązane
basen całoroczny vs sezonowy,8,porównanie
czy basen ogrodowy może być całoroczny,8,pytanie_warunek
basen ogrodowy vs basen wkopany,8,porównanie
czy basen ogrodowy można wkopać,8,pytanie_warunek
czy basen ogrodowy trzeba zgłosić,8,pytanie_warunek
czy basen ogrodowy wymaga zgłoszenia,8,pytanie_warunek
czy basen ogrodowy wymaga pozwolenia,8,pytanie_warunek
czy basen ogrodowy jest opłacalny,8,pytanie_warunek
czy basen ogrodowy się opłaca,8,pytanie_warunek
dlaczego basen ogrodowy jest drogi,8,pytanie_powód
co to jest basen ogrodowy,8,pytanie_definicja
zgłoszenie basenu ogrodowego,8,powiązane
czy basen ogrodowy jest bezpieczny,8,pytanie_warunek
kiedy zacząć sezon basenowy,8,pytanie_czas
co oznacza basen ogrodowy,8,pytanie_definicja
kiedy kończy się sezon basenowy,8,pytanie_czas
dlaczego basen ogrodowy a nie wyjazd,8,pytanie_powód
dlaczego basen ogrodowy się opłaca,8,pytanie_powód
co to basen przydomowy,8,pytanie_definicja
dlaczego warto mieć basen ogrodowy,8,pytanie_powód
basen z podgrzewaniem vs bez podgrzewania,8,porównanie
wymogi dla basenu ogrodowego,8,powiązane
przepisy dotyczące basenu ogrodowego,8,powiązane
podatek od basenu ogrodowego,8,powiązane
czy płaci się podatek od basenu,8,paa_question
czym jest basen ogrodowy,8,pytanie_definicja
najlepsze baseny ogrodowe,9,token_before
jakich rozmiarów baseny ogrodowe,9,wymiar_pytanie
polecane baseny ogrodowe,9,token_before
który basen ogrodowy dla rodziny,9,pytanie_wybór
kiedy kupić basen ogrodowy,9,pytanie_czas
jaki basen do ogrodu jest najlepszy,9,paa_question
jaka firma basenowa jest najlepsza,9,paa_question
jaki basen jest lepszy stelażowy czy rozporowy,9,paa_question
jaki basen do 1000 zł,9,paa_question
który basen stelażowy najlepszy opinie,9,long_tail
jaki basen dla 4 osobowej rodziny,9,long_tail
jaki basen jest najlepszy do ogrodu,9,paa_question
jaki basen do małego ogrodu,9,long_tail
basen dmuchany vs stelażowy,9,porównanie
basen okrągły vs prostokątny,9,porównanie
basen drewniany vs kompozytowy,9,porównanie
basen poliestrowy vs betonowy,9,porównanie
najlepszy basen ogrodowy ranking 2024,9,long_tail
basen wolnostojący vs wkopywany,9,porównanie
basen stelażowy vs rozporowy,9,porównanie
basen ogrodowy intex opinie,9,marka_long_tail
basen stelażowy vs nadmuchiwany,9,porównanie
który basen ogrodowy kupić,9,pytanie_wybór
jakie akcesoria do basenu ogrodowego,9,long_tail_wariant
który basen ogrodowy wybrać,9,pytanie_wybór
który basen ogrodowy jest najlepszy,9,pytanie_wybór
dlaczego kupić basen ogrodowy,9,pytanie_powód
która firma basenów ogrodowych,9,pytanie_wybór
który basen ogrodowy najpopularniejszy,9,pytanie_wybór
który basen ogrodowy najtrwalszy,9,pytanie_wybór
który basen ogrodowy do ogrodu,9,pytanie_wybór
baseny ogrodowe jak wybrać,9,serp_pattern
jakie baseny ogrodowe,9,long_tail_wariant
baseny ogrodowe pepco,10,token_after
basen ogrodowy dla dzieci opinie,10,long_tail
mały basen dmuchany dla dzieci,10,long_tail
baseny dmuchane duże,10,related_search
baseny ogrodowe do dzieci,10,use_case
basen ogrodowy bestway ranking,10,marka_long_tail
baseny ogrodowe dla dzieci,10,audience
co jest lepsze intex czy bestway,10,paa_question
baseny ogrodowe nadmuchiwane,10,materiał
baseny ogrodowe dmuchane,10,related_search
basen dmuchany z filtrem,10,related_search
baseny nadmuchiwane,10,hiponim
basen dmuchany głęboki,10,related_search
baseny bestway,10,marka
basen dmuchany dla dzieci pepco,10,related_search
baseny dmuchane,10,hiponim
który basen ogrodowy dla dzieci,10,pytanie_wybór
mata pod basen,11,powiązane
schody do basenu,11,powiązane
oświetlenie do basenu,11,powiązane
odkurzacz do basenu,11,powiązane
siatka do basenu,11,powiązane
pompa ciepła do basenu,11,powiązane
pompka do basenu,11,powiązane
termometr do basenu,11,powiązane
zestaw do basenu,11,powiązane
środki do basenu,11,powiązane
pokrywa do basenu,11,powiązane
drabinka do basenu,11,powiązane
pompa do basenu,11,powiązane
filtr do basenu,11,powiązane
zabezpieczenie basenu ogrodowego,11,powiązane
chemia basenowa,11,powiązane
baseny intex,11,marka
basen z filtracja vs bez filtracji,11,porównanie
zadaszenie do basenu,11,powiązane
folia pod basen,11,powiązane
